doct_Id,dept_Id,FName,LName,Gender,contact_No,office_No
1001,101,Dr. Arvind,Sharma,M,+912 3226702403,1.0
1002,101,Dr. Rohit,Kumar,M,+912 3509542256,1.0
1003,101,Dr. Kapoor,Iyer,M,+912 3091755242,2.0
1004,101,Dr. Anil,Menon,M,+912 3581729194,2.0
1005,101,Dr. Rajesh,Reddy,M,+912 3242799723,3.0
1006,101,Dr. Saanvi,Patel,F,+912 3196502416,3.0
1007,101,Dr. Anjali,Arvind,F,+912 3161052771,3.0
1008,102,Dr. Rahul,Singh,M,+912 3533852372,21.0
1009,102,Dr. Rajesh,Tripathi,M,+912 3596557907,21.0
1010,102,Dr. Kunal,Shukla,M,+912 3160554994,22.0
1011,102,Dr. Priya,Deshmukh,F,+912 3081566713,22.0
1012,102,Dr. Tanvi,Joshi,F,+912 3213485755,22.0
1013,103,Dr. Shivansh,Pillai,M,+912 3044975087,36.0
1014,103,Dr. Ramesh,Banerjee,M,+912 3418235781,36.0
1015,103,Dr. Divya,Chatterjee,F,+912 3260892238,36.0
1016,104,Dr. Rohit,Ghosh,M,+912 3184230194,51.0
1017,104,Dr. Rajesh,Kumar,M,+912 3109510740,51.0
1018,104,Dr. Sneha,Kaveri,F,+912 3390111485,52.0
1019,104,Dr. Isha,Agarwal,F,+912 3261404815,52.0
1020,105,Dr. Harsh,Naidu,M,+912 3187139066,66.0
1021,105,Dr. Sagar,Kaveri,M,+912 3559695698,66.0
1022,105,Dr. Meena,Nitin,F,+912 3257844193,67.0
1023,105,Dr. Sunita,Aryan,F,+912 3556846194,67.0
1024,106,Dr. Rajesh,Manish,M,+912 3123586198,81.0
1025,106,Dr. Vikram,Gupta,M,+912 3372250452,81.0
1026,106,Dr. Ritika,Dubey,F,+912 3162625272,81.0
1027,107,Dr. Nitin,Dwivedi,M,+912 3348510548,96.0
1028,107,Dr. Arjun,Nair,M,+912 3243290679,96.0
1029,107,Dr. Vikram,Saxena,M,+912 3065634959,97.0
1030,107,Dr. Laksh,Kulkarni,M,+912 3424792020,97.0
1031,107,Dr. Manish,Bhattacharya,M,+912 3368898597,98.0
1032,107,Dr. Ajay,Seth,M,+912 3028850250,98.0
1033,107,Dr. Karan,Kshitij,M,+912 3020687359,99.0
1034,107,Dr. Alok,Tiwari,M,+912 3341630386,99.0
1035,107,Dr. Chetan,Rastogi,M,+912 3214113617,100.0
1036,107,Dr. Rajeev,Pandey,M,+912 3340107662,100.0
1037,107,Dr. Amit,Rawat,M,+912 3472202015,101.0
1038,107,Dr. Mahesh,Mahajan,M,+912 3582421559,101.0
1039,107,Dr. Rajesh,Goyal,M,+912 3014818939,102.0
1040,107,Dr. Jayant,Chauhan,M,+912 3129728651,102.0
1041,107,Dr. Satish,Solanki,M,+912 3210006771,103.0
1042,107,Dr. Rajesh,Bhardwaj,M,+912 3415034546,103.0
1043,107,Dr. Vikas,Srinivasan,M,+912 3138409299,104.0
1044,107,Dr. Dev,Acharya,M,+912 3035007961,104.0
1045,107,Dr. Aniket,Mehta,M,+912 3217918013,105.0
1046,107,Dr. Chetan,Das,M,+912 3592213060,105.0
1047,107,Dr. Rajesh,Rana,M,+912 3052030984,106.0
1048,107,Dr. Manish,Bajpai,M,+912 3331532604,106.0
1049,107,Dr. Uday,Jadhav,M,+912 3496072213,107.0
1050,107,Dr. Rajesh,Sawant,M,+912 3534723440,107.0
1051,107,Dr. Siddharth,Tyagi,M,+912 3156340494,108.0
1052,107,Dr. Ravi,Kamble,M,+912 3015398898,108.0
1053,107,Dr. Manav,Khatri,M,+912 3189329471,109.0
1054,107,Dr. Rajesh,Ekta,M,+912 3448619623,109.0
1055,107,Dr. Vishal,Shetty,M,+912 3314009258,110.0
1056,107,Dr. Ashok,Nambiar,M,+912 3352069079,110.0
1057,107,Dr. Suraj,Basak,M,+912 3369623298,111.0
1058,107,Dr. Rajesh,Prachi,M,+912 3501103300,111.0
1059,107,Dr. Akhil,Nagpal,M,+912 3585210092,112.0
1060,107,Dr. Rajesh,Avni,M,+912 3395530185,112.0
1061,107,Dr. Deepak,Bhargava,M,+912 3519514526,112.0
1062,107,Dr. Rajesh,Acharya,M,+912 3139805967,112.0
1063,107,Dr. Pankaj,Malhotra,M,+912 3520176989,113.0
1064,107,Dr. Rajesh,Ekta,M,+912 3390813700,113.0
1065,107,Dr. Rajesh,Dube,M,+912 3495900749,113.0
1066,107,Dr. Aaryan,Kashyap,M,+912 3333011189,113.0
1067,107,Dr. Sameer,Phadke,M,+912 3535506229,114.0
1068,107,Dr. Aditya,Tripurari,M,+912 3261097106,114.0
1069,107,Dr. Gaurav,Kiran,M,+912 3594416889,114.0
1070,107,Dr. Pradeep,Soman,M,+912 3527028949,114.0
1071,107,Dr. Seema,Ramesh,F,+912 3440785149,115.0
1072,107,Dr. Divya,Garg,F,+912 3145612777,115.0
1073,107,Dr. Pallavi,Kalra,F,+912 3153196042,115.0
1074,107,Dr. Meera,Lalit,F,+912 3513704861,115.0
1075,107,Dr. Asha,Narayan,F,+912 3394103247,116.0
1076,107,Dr. Anjali,Rishi,F,+912 3528050754,116.0
1077,107,Dr. Nimisha,Raval,F,+912 3073761282,116.0
1078,107,Dr. Tanya,Acharya,F,+912 3508895469,116.0
1079,108,Dr. Raghav,Desai,M,+912 3471486774,126.0
1080,108,Dr. Naresh,Mittal,M,+912 3598236341,126.0
1081,108,Dr. Rahul,Gandhi,M,+912 3150939417,127.0
1082,108,Dr. Kumar,Kaveri,M,+912 3496547160,127.0
1083,108,Dr. Rajesh,Sundar,M,+912 3228919638,128.0
1084,108,Dr. Siddharth,Sarma,M,+912 3210217716,128.0
1085,108,Dr. Radhika,Vaidya,F,+912 3536687886,129.0
1086,108,Dr. Shruti,Sen,F,+912 3499951508,129.0
1087,108,Dr. Vaishali,Iyengar,F,+912 3319073692,130.0
1088,108,Dr. Bhavna,Saxena,F,+912 3430714216,130.0
1089,108,Dr. Neelam,Siddharth,F,+912 3428185217,131.0
1090,108,Dr. Swati,Manish,F,+912 3251358881,131.0
1091,108,Dr. Sakshi,Bansod,F,+912 3278210961,132.0
1092,108,Dr. Bhavna,Salvi,F,+912 3549876965,132.0
1093,109,Dr. Mahesh,Acharya,M,+912 3086026199,146.0
1094,109,Dr. Jeet,Lal,M,+912 3388796459,146.0
1095,109,Dr. Kanchan,Purohit,F,+912 3477360560,147.0
1096,109,Dr. Aarohi,Bhaskar,F,+912 3312718198,147.0
1097,109,Dr. Varsha,Gokhale,F,+912 3203064114,147.0
1098,110,Dr. Ananya,Bendre,F,+912 3578279830,161.0
1099,110,Dr. Rekha,Nair,F,+912 3520519062,161.0
1100,110,Dr. Alisha,Mahima,F,+912 3505739437,162.0
1101,110,Dr. Harshit,Talwar,F,+912 3072536627,162.0
1102,110,Dr. Kabir,Rao,F,+912 3107904116,163.0
1103,110,Dr. Bharat,Modi,F,+912 3077263167,163.0
1104,110,Dr. Sunita,Kapoor,F,+912 3562427740,164.0
1105,110,Dr. Tanmay,Joshi,F,+912 3059830092,164.0
1106,111,Dr. Rani,Marathe,M,+912 3503098178,176.0
1107,111,Dr. Abhay,Rajput,M,+912 3368721737,176.0
1108,111,Dr. Sakshi,Gore,F,+912 3153691076,177.0
1109,111,Dr. Sakshi,Dandekar,F,+912 3457201792,177.0
1110,111,Dr. Sharad,Prasad,F,+912 3260532925,177.0
1111,112,Dr. Yamini,Kumar,M,+912 3424094366,191.0
1112,112,Dr. Rahul,Jain,M,+912 3241490711,191.0
1113,112,Dr. Nisha,Taneja,F,+912 3209074266,192.0
1114,112,Dr. Avantika,Upreti,F,+912 3241148333,192.0
1115,112,Dr. Mala,Vyas,F,+912 3275475011,193.0
1116,112,Dr. Tanya,Acharya,F,+912 3456251914,193.0
1117,113,Dr. Rajesh,Ahuja,M,+912 3331155472,206.0
1118,113,Dr. Smita,Bhatt,F,+912 3339907526,206.0
1119,113,Dr. Vandana,Kohli,F,+912 3235418820,207.0
1120,113,Dr. Barkha,Sarin,F,+912 3510401755,207.0
1121,113,Dr. Vandana,Gandhi,F,+912 3095583269,207.0
1122,114,Dr. Reema,Anand,M,+912 3391070450,221.0
1123,114,Dr. Ishaan,Barot,M,+912 3329386545,221.0
1124,114,Dr. Kirti,Dani,F,+912 3084492779,222.0
1125,114,Dr. Indira,Lohia,F,+912 3450549295,222.0
1126,115,Dr. Shravan,Mitra,M,+912 3138719069,236.0
1127,115,Dr. Ajeet,Dutt,M,+912 3427442694,236.0
1128,115,Dr. Vimal,Basu,M,+912 3078448635,237.0
1129,115,Dr. Bhavesh,Shravan,F,+912 3353861269,237.0
1130,115,Dr. Ravina,Suri,F,+912 3252925213,237.0
1131,116,Dr. Siddharth,Wadhwa,M,+912 3159218611,251.0
1132,116,Dr. Rajesh,Mehrotra,M,+912 3030741876,251.0
1133,116,Dr. Payal,Batla,M,+912 3534702703,252.0
1134,116,Dr. Kiran,Kumar,M,+912 3586282082,252.0
1135,116,Dr. Sanya,Kalra,M,+912 3160570751,253.0
1136,116,Dr. Rajesh,Vohra,M,+912 3199540311,253.0
1137,116,Dr. Siddharth,Saxena,M,+912 3387052978,254.0
1138,116,Dr. Nivedita,Joshi,M,+912 3378993773,254.0
1139,116,Dr. Parul,Bhardwaj,M,+912 3029449731,255.0
1140,116,Dr. Kshitij,Gera,M,+912 3248393806,255.0
1141,116,Dr. Rajat,Bafna,M,+912 3493279428,256.0
1142,116,Dr. Vivek,Malhotra,M,+912 3509973055,256.0
1143,116,Dr. Hemant,Chandra,F,+912 3143802768,257.0
1144,116,Dr. Naveen,Dandekar,F,+912 3492390657,257.0
1145,116,Dr. Kavita,Rathore,F,+912 3594912899,258.0
1146,116,Dr. Siddhi,Patkar,F,+912 3453833190,258.0
1147,117,Dr. Sanjay,Acharya,M,+912 3033828508,
1148,117,Dr. Meghna,Jagtap,M,+912 3082794680,
1149,117,Dr. Manish,Vaidya,M,+912 3012538245,
1150,117,Dr. Ajeet,Karnik,M,+912 3166186597,
1151,117,Dr. Rajesh,Kuldeep,M,+912 3375104786,
1152,117,Dr. Preeti,Bakshi,M,+912 3497412269,
1153,117,Dr. Yogita,Vikram,M,+912 3467401888,
1154,117,Dr. Manisha,Acharya,M,+912 3432900853,
1155,117,Dr. Ruchi,Varma,M,+912 3564077891,
1156,117,Dr. Rajesh,Tandon,M,+912 3550939565,
1157,117,Dr. Rajesh,Talreja,M,+912 3589332315,
1158,117,Dr. Naina,Gera,M,+912 3585305471,
1159,117,Dr. Rhea,Sethi,M,+912 3253709798,
1160,117,Dr. Bhanu,Biyani,M,+912 3073587201,
1161,117,Dr. Siddharth,Nayyar,M,+912 3266195852,
1162,117,Dr. Raghav,Kumar,M,+912 3105043568,
1163,117,Dr. Ila,Nag,M,+912 3036799691,
1164,117,Dr. Manoj,Malhotra,M,+912 3014344780,
1165,117,Dr. Mahesh,Acharya,M,+912 3058768983,
1166,117,Dr. Darshan,Tirkey,M,+912 3031019390,
1167,117,Dr. Kanika,Deb,M,+912 3130529109,
1168,117,Dr. Rajesh,Mahima,M,+912 3151653498,
1169,117,Dr. Harsh,Naidu,M,+912 3032473445,
1170,117,Dr. Priyanshu,Tiwari,M,+912 3310032283,
1171,117,Dr. Rajat,Naik,M,+912 3214465024,
1172,117,Dr. Rajesh,Mohanty,M,+912 3154525521,
1173,117,Dr. Manish,Bhusan,M,+912 3080843753,
1174,117,Dr. Rajesh,Kapadia,M,+912 3249473333,
1175,117,Dr. Om,Raut,F,+912 3064708032,
1176,117,Dr. Pallavi,Prachi,F,+912 3175861674,
1177,117,Dr. Kishore,Kamble,F,+912 3550516466,
1178,117,Dr. Ananya,Ritika,F,+912 3081954939,
1179,117,Dr. Saurabh,Pangtey,F,+912 3216993115,
1180,117,Dr. Asha,Bhatnagar,F,+912 3204606940,
1181,117,Dr. Shruti,Ramesh,F,+912 3213619185,
1182,117,Dr. Sangeeta,Barot,F,+912 3477425451,
1183,117,Dr. Vidya,Shastri,F,+912 3451198282,
1184,117,Dr. Vandana,Saha,F,+912 3211869356,
1185,118,Dr. Rajesh,Choudhary,M,+912 3088451300,301.0
1186,118,Dr. Zoya,Balakrishnan,M,+912 3043755766,301.0
1187,118,Dr. Kshitij,Gokul,M,+912 3252773233,302.0
1188,118,Dr. Asha,Malhotra,F,+912 3559744179,302.0
1189,118,Dr. Jaya,Rawat,F,+912 3588851796,302.0
1190,119,Dr. Payal,Venkatesh,M,+912 3459756016,316.0
1191,119,Dr. Parul,Senapati,M,+912 3193550224,316.0
1192,119,Dr. Kalpana,Sabarwal,M,+912 3062960118,317.0
1193,119,Dr. Vikas,Vardhan,M,+912 3013517010,317.0
1194,119,Dr. Namrata,Acharya,F,+912 3203071460,318.0
1195,119,Dr. Asha,Batla,F,+912 3565645003,318.0
1196,120,Dr. Raj,Kamble,M,+912 3190532041,331.0
1197,120,Dr. Anvi,Karandikar,M,+912 3450691842,331.0
1198,120,Dr. Dinesh,Mahesh,M,+912 3269447300,332.0
1199,120,Dr. Ila,Indurkar,M,+912 3341532791,332.0
1200,120,Dr. Vinay,Deshpande,F,+912 3247893482,333.0
1201,120,Dr. Aayushi,Acharya,F,+912 3090883482,333.0
1202,121,Dr. Rajesh,Jambhulkar,M,+912 3246008881,346.0
1203,121,Dr. Tanisha,Raghavan,M,+912 3322294153,346.0
1204,121,Dr. Rajesh,Thirumalai,M,+912 3489618613,347.0
1205,121,Dr. Jeet,Ishani,M,+912 3004400297,347.0
1206,121,Dr. Bharti,Gaitonde,M,+912 3394358786,348.0
1207,121,Dr. Mitali,Varghese,M,+912 3093232819,348.0
1208,121,Dr. Chandni,Kumar,M,+912 3205771159,349.0
1209,121,Dr. Arya,Kurien,M,+912 3544976859,349.0
1210,121,Dr. Avni,Pathak,M,+912 3581309694,350.0
1211,121,Dr. Naina,Gite,M,+912 3485464964,350.0
1212,121,Dr. Aditya,Seth,M,+912 3410995038,351.0
1213,121,Dr. Kritika,Joshipura,M,+912 3234655418,351.0
1214,121,Dr. Simran,Manoj,M,+912 3407122440,352.0
1215,121,Dr. Naina,Katti,M,+912 3598107268,352.0
1216,121,Dr. Siddharth,Mundra,M,+912 3521555695,353.0
1217,121,Dr. Aryan,Behl,M,+912 3343511922,353.0
1218,121,Dr. Nilesh,Nair,M,+912 3175415157,354.0
1219,121,Dr. Tushar,Khosla,M,+912 3116529469,354.0
1220,121,Dr. Manisha,Malhotra,M,+912 3501232015,355.0
1221,121,Dr. Aniket,Bhutani,M,+912 3371387811,355.0
1222,121,Dr. Indu,Mukherjee,M,+912 3576170972,356.0
1223,121,Dr. Rajesh,Talwar,M,+912 3456367591,356.0
1224,121,Dr. Ankita,Ishani,M,+912 3002565565,357.0
1225,121,Dr. Nakul,Chakraborty,M,+912 3145404277,357.0
1226,121,Dr. Prachi,Panigrahi,M,+912 3544561490,358.0
1227,121,Dr. Mahima,Bhowmik,M,+912 3409407098,358.0
1228,121,Dr. Siddharth,Kelkar,M,+912 3593295932,359.0
1229,121,Dr. Shikha,Kamat,M,+912 3079297835,359.0
1230,121,Dr. Siddharth,Sangle,M,+912 3455402792,360.0
1231,121,Dr. Rajesh,Bansode,M,+912 3003725579,360.0
1232,121,Dr. Asha,Bharadwaj,M,+912 3090031241,361.0
1233,121,Dr. Kshitij,Kaveri,M,+912 3463733126,361.0
1234,121,Dr. Rajesh,Tamhankar,M,+912 3109033107,362.0
1235,121,Dr. Ekta,Joshipura,M,+912 3248387648,362.0
1236,121,Dr. Lalit,Pattnaik,M,+912 3467620043,362.0
1237,121,Dr. Neelam,Karnik,F,+912 3142741231,363.0
1238,121,Dr. Barkha,Kritika,F,+912 3027604776,363.0
1239,121,Dr. Sonam,Malhotra,F,+912 3477042598,363.0
1240,121,Dr. Neha,Acharya,F,+912 3533608372,364.0
1241,121,Dr. Tarun,Deshmukh,F,+912 3581922921,364.0
1242,121,Dr. Anmol,Prachi,F,+912 3048703962,364.0
1243,121,Dr. Asha,Dhar,F,+912 3444332928,365.0
1244,121,Dr. Ankur,Shantaram,F,+912 3108893833,365.0
1245,121,Dr. Chirag,Dev,F,+912 3222560229,365.0
1246,121,Dr. Hemant,Gandhi,F,+912 3501472065,366.0
1247,121,Dr. Dhruv,Tripathi,F,+912 3497585709,366.0
1248,121,Dr. Shaurya,Das,F,+912 3315302580,366.0
1249,122,Dr. Rajesh,Karnani,M,+912 3041156107,376.0
1250,122,Dr. Devika,Barua,M,+912 3216860057,376.0
1251,122,Dr. Meera,Gaitonde,F,+912 3238415728,377.0
1252,122,Dr. Rashmi,Manek,F,+912 3338314400,377.0
1253,122,Dr. Trisha,Malhotra,F,+912 3279316270,377.0
1254,123,Dr. Rajesh,Shravan,M,+912 3048720024,391.0
1255,123,Dr. Rajesh,Narayanan,M,+912 3149754680,391.0
1256,123,Dr. Ayush,Mehrotra,M,+912 3220428247,392.0
1257,123,Dr. Mohit,Malhotra,M,+912 3015734262,392.0
1258,123,Dr. Satish,Malhotra,M,+912 3190751964,393.0
1259,123,Dr. Ramesh,Bhosale,M,+912 3102091841,393.0
1260,123,Dr. Adarsh,Kataria,F,+912 3353732376,394.0
1261,123,Dr. Ansh,Sanya,F,+912 3013908014,394.0
1262,123,Dr. Bhavna,Saxena,F,+912 3329779620,395.0
1263,123,Dr. Sunita,Khatri,F,+912 3131900780,395.0
1264,124,Dr. Satish,Tewari,M,+912 3041026652,406.0
1265,124,Dr. Rajesh,Raghunathan,M,+912 3027350129,406.0
1266,124,Dr. Hardik,ul Hameed,M,+912 3410334033,407.0
1267,124,Dr. Rajendra,Tanwir,F,+912 3175362684,407.0
1268,124,Dr. Omkar,Bashir,F,+912 3380579385,408.0
1269,124,Dr. Bhagwan,Batool Khan,F,+912 3189743196,408.0
1270,125,Dr. Tarika,Qazi,M,+912 3326043365,421.0
1271,125,Dr. Dev,Asgher,M,+912 3432484902,421.0
1272,125,Dr. Ankur,Bhusan,F,+912 3340111908,422.0
1273,125,Dr. Anshika,Anil,F,+912 3050392158,422.0
1274,125,Dr. Deepti,Altaf,F,+912 3355487595,422.0
1275,126,Dr. Mona,Ijaz,M,+912 3546436825,436.0
1276,126,Dr. Rajesh,Bhutani,M,+912 3141963071,436.0
1277,126,Dr. Naina,Tufail Ijaz,M,+912 3324054714,437.0
1278,126,Dr. Anita,Rafique,F,+912 3261994061,437.0
1279,126,Dr. Vandana,Kalra,F,+912 3162793226,438.0
1280,126,Dr. Asha,Khalil,F,+912 3466456475,438.0
1281,127,Dr. Akhil,Naeem Siddiqi,M,+912 3438122176,446.0
1282,127,Dr. Siddharth,Owais Alam Zaidi,M,+912 3174238027,446.0
1283,127,Dr. Rajesh,Suhail Arif,M,+912 3197992551,447.0
1284,127,Dr. Gaurav,Saeed Mian,M,+912 3537926030,447.0
1285,127,Dr. Rajesh,Asim Khan,M,+912 3469124190,448.0
1286,127,Dr. Satya,Ahmad Sheikh,M,+912 3312503515,448.0
1287,127,Dr. Krish,Naveed,M,+912 3438986363,449.0
1288,127,Dr. Vishal,Balakrishnan,M,+912 3047073304,449.0
1289,127,Dr. Rajesh,Ramzan Ch,M,+912 3363799519,450.0
1290,127,Dr. Janhavi,Ali Syed,M,+912 3068064824,450.0
1291,127,Dr. Varsha,Dandekar,F,+912 3551343820,450.0
1292,127,Dr. Jaya,Ayush,F,+912 3002215280,451.0
1293,127,Dr. Ujjwal,Meera,F,+912 3541694778,451.0
1294,127,Dr. Vedika,Malhotra,F,+912 3150871412,451.0
1295,127,Dr. Dhara,Jabbar,F,+912 3452643098,452.0
1296,127,Dr. Rupal,Naseem,F,+912 3195192280,452.0
1297,127,Dr. Sakshi,Nagpal,F,+912 3414071257,452.0
1298,127,Dr. Ritika,Afshan,F,+912 3092682779,453.0
1299,127,Dr. Saanvi,Kumar,F,+912 3004328869,453.0
1300,127,Dr. Nisha,Ruchi,F,+912 3397232147,453.0
1301,128,Dr. Sanya,Ahmed Khalil,M,+912 3044966469,461.0
1302,128,Dr. Neelima,Seth,M,+912 3049770820,461.0
1303,128,Dr. Naina,Baqir Ali Khan,M,+912 3218495030,462.0
1304,128,Dr. Yamini,Abhay,F,+912 3130128707,462.0
1305,129,Dr. Ishani,Sherani,M,+912 3184239936,471.0
1306,129,Dr. Kalyani,Al Abideen,M,+912 3260880216,471.0
1307,129,Dr. Rajesh,Vishal,M,+912 3274898320,472.0
1308,129,Dr. Kaveri,Raza Jafri,M,+912 3228533118,472.0
1309,129,Dr. Kesar,Abu Bakar Siddiq,M,+912 3205170077,473.0
1310,129,Dr. Satish,Tewari,M,+912 3316089111,473.0
1311,129,Dr. Satish,Acharya,M,+912 3585119636,474.0
1312,129,Dr. Rajesh,A Hashmi,M,+912 3077952756,474.0
1313,129,Dr. Ishaan,Durrani,M,+912 3413990112,475.0
1314,129,Dr. Vikram,Joshi,M,+912 3095206806,475.0
1315,129,Dr. Devansh,Gaitonde,M,+912 3043054039,476.0
1316,129,Dr. Pranav,Shehzad,M,+912 3004304511,476.0
1317,129,Dr. Shafqat,Waqar Khanzada,M,+912 3234005062,476.0
1318,129,Dr. Siraj,Salekeen,M,+912 3540499913,477.0
1319,129,Dr. Sayed,Javed Wasim,M,+912 3098810514,477.0
1320,129,Dr. Kiran,Hussain Rajput,M,+912 3414554356,477.0
1321,129,Dr. Rajesh,Tanweer Khalid,M,+912 3486955560,477.0
1322,129,Dr. Habib,Ullah,M,+912 3433282491,478.0
1323,129,Dr. Arya,Tewari,M,+912 3458829529,478.0
1324,129,Dr. Sanya,Mahmud Khan,M,+912 3046469189,478.0
1325,129,Dr. Siddharth,Muhammad Abdullah,M,+912 3113060379,478.0
1326,129,Dr. Avni,Vikram,M,+912 3464621814,479.0
1327,129,Dr. Akhtar,Fareed Siddiqui,M,+912 3149816744,479.0
1328,129,Dr. Yamini,Malhotra,M,+912 3513609574,479.0
1329,129,Dr. Atif,Nakul,M,+912 3475827394,479.0
1330,129,Dr. Naina,Asim Khan,M,+912 3332476633,480.0
1331,129,Dr. Jawed,Sundar,M,+912 3567501320,480.0
1332,129,Dr. Faeza,Ubaid,F,+912 3223706234,480.0
1333,129,Dr. Namrata,Nair,F,+912 3198356300,480.0
1334,129,Dr. Sabhita,Karnik,F,+912 3513975672,481.0
1335,129,Dr. Nausheen,Sanjay,F,+912 3438311600,481.0
1336,129,Dr. Asha,Shahid Sheikh,F,+912 3037518962,481.0
1337,129,Dr. Sabeen,Masroor,F,+912 3042291721,481.0
1338,129,Dr. Sakshi,Mohsin,F,+912 3179995887,482.0
1339,129,Dr. S.,Rabia,F,+912 3591951686,482.0
1340,129,Dr. Nazeefa,Naidu,F,+912 3189166273,482.0
1341,129,Dr. Shifa,Kaveri,F,+912 3447275136,482.0
1342,130,Dr. Rajesh,Tariq Farman,M,+912 3543794375,491.0
1343,130,Dr. Rajesh,Awaid Abid,M,+912 3345446894,491.0
1344,130,Dr. Iqtedar,Taufiq,M,+912 3131897451,491.0
1345,130,Dr. Rajesh,Abid Butt,M,+912 3466174638,491.0
1346,130,Dr. Sohail,Gandhi,M,+912 3478454567,492.0
1347,130,Dr. Mahima,A Bajwa,M,+912 3415543128,492.0
1348,130,Dr. Aftab,Awan,M,+912 3137149375,492.0
1349,130,Dr. Nakul,Kshitij,M,+912 3310715577,492.0
1350,130,Dr. Mahima,Zameer,M,+912 3224056595,493.0
1351,130,Dr. Jamal,Abdul Nasir,M,+912 3137312022,493.0
1352,130,Dr. Fahad,Aman Khan,M,+912 3492670881,493.0
1353,130,Dr. Jamshed,Abhay,M,+912 3120593096,493.0
1354,130,Dr. Siddharth,Arsalan Khalid,M,+912 3095927144,494.0
1355,130,Dr. Shohab,Hyder Shaikh,M,+912 3013946340,494.0
1356,130,Dr. Rajesh,Arshad Alvi,M,+912 3075571174,494.0
1357,130,Dr. Naseem,Ishani,M,+912 3338150665,494.0
1358,130,Dr. Mansoor,Balakrishnan,M,+912 3252489644,495.0
1359,130,Dr. Satish,Narayanan,M,+912 3141779667,495.0
1360,130,Dr. Javed,Raza Gardezi,M,+912 3072922818,495.0
1361,130,Dr. Najam,Ud Din,M,+912 3329652192,495.0
1362,130,Dr. Aaryan,Abbas Khan,M,+912 3244586753,496.0
1363,130,Dr. Misauq,Mazcuri,M,+912 3391236597,496.0
1364,130,Dr. Rajesh,Ankita,M,+912 3051864749,496.0
1365,130,Dr. Ashok,Raza Jafri,M,+912 3551482345,496.0
1366,130,Dr. Siddharth,Anwar Ahmed,M,+912 3392359021,497.0
1367,130,Dr. Bashir,Ahmed Sheikh,M,+912 3073922166,497.0
1368,130,Dr. Atif,Naidu,M,+912 3111791934,497.0
1369,130,Dr. Naseer,Ahmed Chaudhry,M,+912 3065615400,497.0
1370,130,Dr. Rahul,Saghir,M,+912 3242893873,498.0
1371,130,Dr. Noshad,Dubey,M,+912 3509825131,498.0
1372,130,Dr. Ramesh,Balakrishnan,M,+912 3382754408,498.0
1373,130,Dr. Rajesh,Suleman Khan,M,+912 3116707324,499.0
1374,130,Dr. Abhay,Kumar,M,+912 3322937293,499.0
1375,130,Dr. Navaid,Bhowmik,M,+912 3177374986,499.0
1376,130,Dr. Sanya,Maqsood,M,+912 3118678491,499.0
1377,130,Dr. Ishfaque,Kumar,M,+912 3007109650,500.0
1378,130,Dr. Hannah,Pasha Memon,F,+912 3321293214,500.0
1379,130,Dr. Sakina,Abidi,F,+912 3480484308,500.0
1380,130,Dr. Shenaz,Kausar,F,+912 3267262364,500.0
1381,130,Dr. Fareeha,Khaliq Khan,F,+912 3467768807,501.0
1382,130,Dr. Falak,Niaz,F,+912 3224803870,501.0
1383,130,Dr. Sarah,Ikram,F,+912 3369998984,501.0
1384,130,Dr. Hemant,Sadiq,F,+912 3258048469,501.0
1385,130,Dr. Iram,Rathore,F,+912 3555146571,502.0
1386,130,Dr. Wajeeha,Elahi,F,+912 3473782061,502.0
1387,130,Dr. Intekhab,Taufiq,F,+912 3124924046,502.0
1388,130,Dr. Memoona,Faiyaz,F,+912 3155653174,502.0
1389,130,Dr. Anmol,Prachi,F,+912 3233954417,503.0
1390,130,Dr. Aayushi,Batol,F,+912 3570963457,503.0
1391,130,Dr. ArjamAnd,Shauq,F,+912 3326431631,503.0
1392,130,Dr. Ayisha,Kausar,F,+912 3005881234,503.0
1393,131,Dr. Siddharth,Muneeb Younus,M,+912 3245438641,522.0
1394,131,Dr. Rajesh,Jawad Zafar,M,+912 3544029485,522.0
1395,131,Dr. Sayeed,Kumar,M,+912 3195630220,523.0
1396,131,Dr. Anvi,Kshitij,M,+912 3382442301,523.0
1397,131,Dr. Agha,Sajjad,M,+912 3228054435,524.0
1398,131,Dr. Hira,Liaqat,F,+912 3552205452,524.0
1399,131,Dr. Jah,Mirza,F,+912 3348931704,525.0
1400,131,Dr. Dhruv,Bhatty,F,+912 3072675699,525.0
